code,name
000882,华联股份
600635,大众公用
002702,海欣食品
000909,数源科技
600895,张江高科
600213,亚星客车
603778,乾景园林
600865,百大集团
300390,天华超净
002208,合肥城建
300680,隆盛科技
300020,银江股份
600192,长城电工
002922,伊戈尔
300100,双林股份
000810,创维数字
601116,三江购物
000613,大东海A
000555,神州信息
300624,万兴科技
600053,九鼎投资
300715,凯伦股份
300688,创业黑马
603922,金鸿顺
600462,九有股份
300477,合纵科技
002921,联诚精密
002296,辉煌科技
002137,麦达数字
000917,电广传媒
000532,华金资本
300461,田中精机
002923,润都股份
300428,四通新材
603712,七一二
600560,金自天正
000151,中成股份
600571,信雅达
002367,康力电梯
600825,新华传媒
600386,北巴传媒
002026,山东威达
002264,新 华 都
000572,海马汽车
002476,宝莫股份
002226,江南化工
002655,共达电声
002860,星帅尔
603600,永艺股份
603776,永安行
300691,联合光电
300490,华自科技
600644,乐山电力
300554,三超新材
002806,华锋股份
002076,雪 莱 特
600645,中源协和
603126,中材节能
300685,艾德生物
600250,南纺股份
002861,瀛通通讯
603030,全筑股份
603181,皇马科技
002913,奥士康
600770,综艺股份
600726,华电能源
600319,亚星化学
603396,金辰股份
000016,深康佳Ａ
601028,玉龙股份
600783,鲁信创投
002088,鲁阳节能
002549,凯美特气
002472,双环传动
603365,水星家纺
600083,博信股份
002813,路畅科技
000007,全新好
603806,福斯特
300221,银禧科技
002266,浙富控股
300649,杭州园林
300647,超频三
002159,三特索道
300690,双一科技
600191,华资实业
002316,键桥通讯
000407,胜利股份
002867,周大生
300465,高伟达
600732,ST新梅
600476,湘邮科技
600105,永鼎股份
000936,华西股份
300612,宣亚国际
600848,上海临港
000628,高新发展
002912,中新赛克
600335,国机汽车
600229,城市传媒
601801,皖新传媒
000996,中国中期
300575,中旗股份
002038,双鹭药业
002631,德尔未来
002052,同洲电子
000803,*ST金宇
600543,莫高股份
600235,民丰特纸
002011,盾安环境
603039,泛微网络
600466,蓝光发展
600371,万向德农
300246,宝莱特
000637,茂化实华
002382,蓝帆医疗
000416,民生控股
300701,森霸股份
002246,北化股份
000829,天音控股
300167,迪威迅
002090,金智科技
600184,光电股份
600283,钱江水利
002901,大博医疗
002313,日海通讯
300723,一品红
600158,中体产业
600120,浙江东方
002680,长生生物
603388,元成股份
300602,飞荣达
002534,杭锅股份
002816,和科达
600288,大恒科技
002737,葵花药业
603358,华达科技
300267,尔康制药
603726,朗迪集团
600860,*ST京城
300442,普丽盛
002433,太安堂
600577,精达股份
000851,高鸿股份
002077,大港股份
300143,星普医科
002585,双星新材
002401,中远海科
002885,京泉华
600767,*ST运盛
000421,南京公用
000530,大冷股份
600736,苏州高新
300264,佳创视讯
002713,东易日盛
603060,国检集团
002422,科伦药业
002488,金固股份
603707,健友股份
300319,麦捷科技
000716,黑芝麻
603737,三棵树
603626,科森科技
000972,*ST中基
601069,西部黄金
002203,海亮股份
600133,东湖高新
002004,华邦健康
601999,出版传媒
300344,太空板业
000607,华媒控股
002339,积成电子
603599,广信股份
300536,农尚环境
601086,国芳集团
002830,名雕股份
600705,中航资本
300479,神思电子
600611,大众交通
603833,欧派家居
300687,赛意信息
000659,*ST中富
002795,永和智控
600680,*ST上普
002820,桂发祥
002393,力生制药
002510,天汽模
600861,北京城乡
600619,海立股份
603313,梦百合
600415,小商品城
300074,华平股份
603612,索通发展
600604,市北高新
000676,智度股份
600580,卧龙电气
603665,康隆达
600814,杭州解百
600082,海泰发展
000931,中 关 村
000819,岳阳兴长
603168,莎普爱思
603721,中广天择
600202,哈空调
002783,凯龙股份
000806,银河生物
000953,*ST河化
600483,福能股份
600210,紫江企业
600981,汇鸿集团
603316,诚邦股份
002328,新朋股份
000620,新华联
002800,天顺股份
600505,西昌电力
603767,中马传动
002672,东江环保
600131,岷江水电
603269,海鸥股份
300351,永贵电器
300093,金刚玻璃
300655,晶瑞股份
300420,五洋停车
300308,中际旭创
603226,菲林格尔
002349,精华制药
000957,中通客车
002531,天顺风能
600128,弘业股份
300732,设研院
002667,鞍重股份
000626,远大控股
000695,滨海能源
600136,当代明诚
603258,电魂网络
002224,三 力 士
300700,岱勒新材
000987,越秀金控
002170,芭田股份
002657,中科金财
002708,光洋股份
601311,骆驼股份
600633,浙数文化
002390,信邦制药
603528,多伦科技
002613,北玻股份
600422,昆药集团
600636,*ST爱富
002590,万安科技
300727,润禾材料
603278,大业股份
300265,通光线缆
300300,汉鼎宇佑
300571,平治信息
600555,海航创新
603777,来伊份
000692,惠天热电
300601,康泰生物
600827,百联股份
002284,亚太股份
600400,红豆股份
300393,中来股份
000635,英 力 特
300497,富祥股份
600796,钱江生化
600361,华联综超
000736,中交地产
002273,水晶光电
000609,中迪投资
600468,百利电气
600876,洛阳玻璃
002877,智能自控
603999,读者传媒
002229,鸿博股份
002550,千红制药
002029,七 匹 狼
000663,永安林业
002581,未名医药
600100,同方股份
603839,安正时尚
603823,百合花
603826,坤彩科技
600710,ST常林
601777,力帆股份
002835,同为股份
002773,康弘药业
600854,春兰股份
002369,卓翼科技
300256,星星科技
002703,浙江世宝
300453,三鑫医疗
603011,合锻智能
002829,星网宇达
002630,华西能源
600207,安彩高科
002838,道恩股份
300616,尚品宅配
002358,森源电气
603638,艾迪精密
002903,宇环数控
603090,宏盛股份
601155,新城控股
600869,智慧能源
002429,兆驰股份
300330,华虹计通
002483,润邦股份
002670,国盛金控
000701,厦门信达
600728,佳都科技
002280,联络互动
002728,特一药业
300164,通源石油
300598,诚迈科技
002717,岭南股份
300516,久之洋
300717,华信新材
300391,康跃科技
300253,卫宁健康
002290,中科新材
600368,五洲交通
002010,传化智联
002577,雷柏科技
603938,三孚股份
600691,阳煤化工
603225,新凤鸣
300620,光库科技
600062,华润双鹤
002420,毅昌股份
601200,上海环境
002291,星期六
600380,健康元
000868,安凯客车
000760,斯太尔
000710,贝瑞基因
300527,华舟应急
002758,华通医药
002677,浙江美大
002529,海源机械
603628,清源股份
002395,双象股份
002724,海洋王
002526,山东矿机
603129,春风动力
300254,仟源医药
603903,中持股份
300291,华录百纳
002255,海陆重工
300448,浩云科技
603717,天域生态
000788,北大医药
002044,美年健康
002199,东晶电子
600973,宝胜股份
002674,兴业科技
002432,九安医疗
002181,粤 传 媒
600203,福日电子
002115,三维通信
300440,运达科技
002729,好利来
002417,深南股份
002021,中捷资源
002620,瑞和股份
300324,旋极信息
002015,霞客环保
002070,*ST众和
603860,中公高科
600091,ST明科
002057,中钢天源
000839,中信国安
603881,数据港
002760,凤形股份
300684,中石科技
002850,科达利
002066,瑞泰科技
600072,中船科技
300322,硕贝德
603368,柳州医药
603178,圣龙股份
000935,四川双马
002013,中航机电
603828,柯利达
000821,京山轻机
002909,集泰股份
600211,西藏药业
002249,大洋电机
600810,神马股份
300298,三诺生物
600535,天士力
000503,海虹控股
300168,万达信息
601238,广汽集团
002802,洪汇新材
000721,西安饮食
000890,法 尔 胜
000595,*ST宝实
603165,荣晟环保
002848,高斯贝尔
600730,中国高科
300321,同大股份
300015,爱尔眼科
300218,安利股份
300349,金卡智能
000592,平潭发展
000009,中国宝安
300435,中泰股份
603879,永悦科技
000625,长安汽车
000790,泰合健康
600797,浙大网新
603345,安井食品
002054,德美化工
002511,中顺洁柔
002536,西泵股份
300367,东方网力
603031,安德利
600152,维科精华
600744,华银电力
300277,海联讯
603890,春秋电子
002469,三维工程
603180,金牌厨柜
002043,兔 宝 宝
300585,奥联电子
603007,花王股份
600302,标准股份
000850,华茂股份
002311,海大集团
002272,川润股份
000155,川化股份
002743,富煌钢构
300538,同益股份
600327,大东方
600639,浦东金桥
000550,江铃汽车
601919,中远海控
600824,益民集团
603329,上海雅仕
002714,牧原股份
002775,文科园林
603101,汇嘉时代
603811,诚意药业
000404,华意压缩
000517,荣安地产
603038,华立股份
600613,神奇制药
002697,红旗连锁
300010,立思辰
603067,振华股份
300213,佳讯飞鸿
002354,天神娱乐
300470,日机密封
603936,博敏电子
002231,奥维通信
603989,艾华集团
600804,鹏博士
300313,天山生物
300669,沪宁股份
000848,承德露露
002880,卫光生物
000712,锦龙股份
002314,南山控股
603088,宁波精达
603855,华荣股份
002106,莱宝高科
600064,南京高科
600624,复旦复华
300731,科创新源
600719,大连热电
002915,中欣氟材
600275,*ST昌鱼
300095,华伍股份
601928,凤凰传媒
600218,全柴动力
603813,原尚股份
002458,益生股份
600446,金证股份
603798,康普顿
002733,雄韬股份
000880,潍柴重机
300475,聚隆科技
002277,友阿股份
000679,大连友谊
603768,常青股份
002628,成都路桥
601117,中国化学
300309,吉艾科技
002627,宜昌交运
000507,珠海港
600831,广电网络
603567,珍宝岛
000611,天首发展
300042,朗科科技
002370,亚太药业
600533,栖霞建设
002871,伟隆股份
600990,四创电子
000656,金科股份
601949,中国出版
601799,星宇股份
600676,交运股份
603023,威帝股份
000502,绿景控股
002244,滨江集团
603866,桃李面包
603266,天龙股份
002452,长高集团
600006,东风汽车
002487,大金重工
601900,南方传媒
000505,京粮控股
600581,八一钢铁
600070,浙江富润
600556,ST慧球
002184,海得控制
603058,永吉股份
002261,拓维信息
300725,药石科技
300023,宝德股份
600346,恒力股份
000963,华东医药
600781,辅仁药业
603928,兴业股份
601968,宝钢包装
000988,华工科技
000785,武汉中商
603901,永创智能
000929,兰州黄河
600528,中铁工业
002539,云图控股
002611,东方精工
600088,中视传媒
002324,普利特
600185,格力地产
002467,二六三
000010,美丽生态
002741,光华科技
002486,嘉麟杰
002883,中设股份
603637,镇海股份
600085,同仁堂
600838,上海九百
300130,新国都
002623,亚玛顿
300484,蓝海华腾
002405,四维图新
002096,南岭民爆
600328,兰太实业
300069,金利华电
603017,中衡设计
000671,阳 光 城
600420,现代制药
300082,奥克股份
600503,华丽家族
603043,广州酒家
601601,中国太保
000800,一汽轿车
002017,东信和平
300568,星源材质
600351,亚宝药业
002643,万润股份
000570,苏常柴Ａ
002846,英联股份
600272,开开实业
601002,晋亿实业
300430,诚益通
002574,明牌珠宝
002731,萃华珠宝
603208,江山欧派
603444,吉比特
601127,小康股份
601007,金陵饭店
300237,美晨生态
600540,*ST新赛
300733,西菱动力
300558,贝达药业
000622,恒立实业
300179,四方达
600182,S佳通
002018,华信国际
600587,新华医疗
603580,艾艾精工
600456,宝钛股份
600421,ST仰帆
002329,皇氏集团
600605,汇通能源
002490,*ST墨龙
300670,大烨智能
002403,爱仕达
002786,银宝山新
603729,龙韵股份
002489,浙江永强
002251,步 步 高
000565,渝三峡Ａ
603035,常熟汽饰
002372,伟星新材
601588,北辰实业
002896,中大力德
600696,ST匹凸
300189,神农基因
002285,世联行
000908,景峰医药
600057,象屿股份
603738,泰晶科技
603076,乐惠国际
002059,云南旅游
300112,万讯自控
300412,迦南科技
600379,宝光股份
600240,华业资本
603598,引力传媒
600301,ST南化
603300,华铁科技
600959,江苏有线
300427,红相股份
000423,东阿阿胶
603606,东方电缆
000767,漳泽电力
000153,丰原药业
002028,思源电气
300160,秀强股份
300560,中富通
600114,东睦股份
002242,九阳股份
600585,海螺水泥
300302,同有科技
002742,三圣股份
600626,申达股份
002552,宝鼎科技
600755,厦门国贸
002779,中坚科技
603040,新坐标
002518,科士达
600513,联环药业
002167,东方锆业
002666,德联集团
300283,温州宏丰
300357,我武生物
600037,歌华有线
000759,中百集团
603029,天鹅股份
603825,华扬联众
002295,精艺股份
603608,天创时尚
300486,东杰智能
300163,先锋新材
002228,合兴包装
600693,东百集团
600747,*ST大控
600791,京能置业
002089,新 海 宜
603990,麦迪科技
600821,津劝业
002186,全 聚 德
300707,威唐工业
600162,香江控股
002335,科华恒盛
000982,*ST 中绒
600323,瀚蓝环境
002751,易尚展示
603118,共进股份
300389,艾比森
002769,普路通
300631,久吾高科
600750,江中药业
603970,中农立华
600562,国睿科技
300718,长盛轴承
002134,*ST普林
300720,海川智能
002317,众生药业
002318,久立特材
002837,英维克
002561,徐家汇
600356,恒丰纸业
600167,联美控股
000567,海德股份
603196,日播时尚
600609,金杯汽车
603331,百达精工
600757,长江传媒
002495,佳隆股份
300515,三德科技
002546,新联电子
002407,多氟多
600175,美都能源
300228,富瑞特装
600325,华发股份
601258,庞大集团
600653,申华控股
300234,开尔新材
300192,科斯伍德
001979,招商蛇口
002245,澳洋顺昌
000099,中信海直
603801,志邦股份
300483,沃施股份
603429,集友股份
300259,新天科技
000948,南天信息
603228,景旺电子
000560,昆百大Ａ
002686,亿利达
000551,创元科技
000920,南方汇通
002200,云投生态
300712,永福股份
300175,朗源股份
300365,恒华科技
300642,透景生命
600590,泰豪科技
600648,外高桥
002020,京新药业
002188,ST巴士
000727,华东科技
300154,瑞凌股份
300350,华鹏飞
002660,茂硕电源
600858,银座股份
002888,惠威科技
002583,海能达
000923,河北宣工
002238,天威视讯
600857,宁波中百
600689,上海三毛
601229,上海银行
300654,世纪天鸿
002239,奥特佳
603166,福达股份
600243,青海华鼎
002492,恒基达鑫
600570,恒生电子
002587,奥拓电子
002360,同德化工
300692,中环环保
002890,弘宇股份
300567,精测电子
603758,秦安股份
002436,兴森科技
300722,新余国科
000782,美达股份
603002,宏昌电子
000576,广东甘化
300395,菲利华
002216,三全食品
002299,圣农发展
002165,红 宝 丽
600469,风神股份
002468,申通快递
603330,上海天洋
600721,百花村
603161,科华控股
300595,欧普康视
002331,皖通科技
600714,金瑞矿业
002340,格林美
002375,亚厦股份
603568,伟明环保
600161,天坛生物
600817,*ST宏盛
601558,*ST锐电
600265,ST景谷
601858,中国科传
002906,华阳集团
002757,南兴装备
002855,捷荣技术
300509,新美星
600988,赤峰黄金
603958,哈森股份
603389,亚振家居
600495,晋西车轴
600107,美尔雅
000039,中集集团
002506,协鑫集成
002902,铭普光磁
300632,光莆股份
300553,集智股份
000536,华映科技
002897,意华股份
601929,吉视传媒
603536,惠发股份
001696,宗申动力
300099,精准信息
000922,*ST佳电
002269,美邦服饰
300092,科新机电
002274,华昌化工
603689,皖天然气
300702,天宇股份
002342,巨力索具
603566,普莱柯
603716,塞力斯
000927,一汽夏利
600779,水井坊
002884,凌霄泵业
600894,广日股份
002925,盈趣科技
002609,捷顺科技
601098,中南传媒
002481,双塔食品
300489,中飞股份
300503,昊志机电
002824,和胜股份
300644,南京聚隆
002774,快意电梯
300633,开立医疗
603022,新通联
600090,同济堂
300606,金太阳
600898,国美通讯
002852,道道全
300658,延江股份
600461,洪城水业
600208,新湖中宝
002900,哈三联
600215,长春经开
603978,深圳新星
002761,多喜爱
600242,中昌数据
603359,东珠景观
600509,天富能源
300609,汇纳科技
300109,新开源
300665,飞鹿股份
000158,常山北明
002441,众业达
000697,炼石有色
000539,粤电力Ａ
002719,麦趣尔
603656,泰禾光电
603669,灵康药业
603908,牧高笛
600891,秋林集团
300709,精研科技
300730,科创信息
600634,富控互动
600771,广誉远
600654,*ST中安
600232,金鹰股份
002169,智光电气
002695,煌上煌
603186,华正新材
603000,人民网
601368,绿城水务
603803,瑞斯康达
300279,和晶科技
002022,科华生物
600668,尖峰集团
000690,宝新能源
300207,欣旺达
002298,中电鑫龙
000677,恒天海龙
300552,万集科技
600819,耀皮玻璃
600637,东方明珠
000400,许继电气
002882,金龙羽
600785,新华百货
600200,江苏吴中
603926,铁流股份
002334,英威腾
000753,漳州发展
600551,时代出版
002400,省广股份
000719,中原传媒
300157,恒泰艾普
300683,海特生物
300339,润和软件
600664,哈药股份
000601,韶能股份
002681,奋达科技
002693,双成药业
600774,汉商集团
603586,金麒麟
600321,正源股份
600383,金地集团
002265,西仪股份
600980,北矿科技
600620,天宸股份
600890,中房股份
300434,金石东方
300673,佩蒂股份
600425,*ST青松
600052,浙江广厦
600530,交大昂立
000705,浙江震元
002605,姚记扑克
002893,华通热力
600802,福建水泥
603099,长白山
002878,元隆雅图
601208,东材科技
600538,国发股份
300145,中金环境
600137,浪莎股份
002863,今飞凯达
300625,三雄极光
603916,苏博特
000739,普洛药业
600615,丰华股份
600638,新黄浦
000797,中国武夷
300713,英可瑞
600168,武汉控股
300026,红日药业
002593,日上集团
002237,恒邦股份
002840,华统股份
002551,尚荣医疗
600529,山东药玻
600760,中航沈飞
603036,如通股份
300177,中海达
002858,力盛赛车
002012,凯恩股份
600917,重庆燃气
600481,双良节能
002240,威华股份
600896,览海投资
300169,天晟新材
600101,明星电力
600406,国电南瑞
600127,金健米业
002322,理工环科
002750,龙津药业
000631,顺发恒业
603569,长久物流
300399,京天利
603131,上海沪工
300587,天铁股份
000702,正虹科技
002191,劲嘉股份
000301,东方市场
603757,大元泵业
002567,唐人神
600308,华泰股份
002359,北讯集团
601137,博威合金
300599,雄塑科技
600704,物产中大
600299,安迪苏
002821,凯莱英
600510,黑牡丹
600595,中孚实业
002917,金奥博
002514,宝馨科技
603966,法兰泰克
600532,宏达矿业
600488,天药股份
002771,真视通
000004,国农科技
000546,金圆股份
000720,新能泰山
002818,富森美
600287,江苏舜天
600112,*ST天成
600222,太龙药业
603809,豪能股份
300305,裕兴股份
300002,神州泰岳
300360,炬华科技
002410,广联达
600853,龙建股份
002189,利达光电
600868,梅雁吉祥
603615,茶花股份
002735,王子新材
002715,登云股份
600238,海南椰岛
600332,白云山
002496,辉丰股份
603106,恒银金融
002911,佛燃股份
600778,友好集团
300132,青松股份
002419,天虹股份
600209,罗顿发展
002682,龙洲股份
002187,广百股份
600315,上海家化
300650,太龙照明
600801,华新水泥
000818,方大化工
600493,凤竹纺织
002711,欧浦智网
603648,畅联股份
603963,大理药业
002875,安奈儿
002712,思美传媒
600723,首商股份
002347,泰尔股份
002177,御银股份
002541,鸿路钢构
600166,福田汽车
002740,爱迪尔
300382,斯莱克
002421,达实智能
603366,日出东方
300473,德尔股份
002351,漫步者
000980,众泰汽车
600608,*ST沪科
000919,金陵药业
603218,日月股份
600329,中新药业
600310,桂东电力
000419,通程控股
601579,会稽山
600713,南京医药
603308,应流股份
002768,国恩股份
600149,*ST坊展
600649,城投控股
000837,秦川机床
600883,博闻科技
600977,中国电影
002843,泰嘉股份
002579,中京电子
300396,迪瑞医疗
002920,德赛西威
002234,民和股份
600834,申通地铁
603319,湘油泵
603238,诺邦股份
600277,亿利洁能
000420,吉林化纤
000078,海王生物
603577,汇金通
300272,开能环保
000667,美好置业
002094,青岛金王
002023,海特高新
002498,汉缆股份
300739,明阳电路
002153,石基信息
600129,太极集团
300436,广生堂
002700,新疆浩源
603886,元祖股份
002671,龙泉股份
300496,中科创达
603378,亚士创能
002763,汇洁股份
603326,我乐家居
600976,健民集团
300492,山鼎设计
603028,赛福天
603041,美思德
300403,地尔汉宇
600370,三房巷
002889,东方嘉盛
600373,中文传媒
600234,ST山水
000662,天夏智慧
601218,吉鑫科技
300211,亿通科技
600983,惠而浦
000755,*ST三维
300037,新宙邦
000422,湖北宜化
300227,光韵达
002918,蒙娜丽莎
603817,海峡环保
300245,天玑科技
300260,新莱应材
002887,绿茵生态
300703,创源文化
002815,崇达技术
000809,*ST新城
300106,西部牧业
600724,宁波富达
603177,德创环保
300615,欣天科技
300506,名家汇
603012,创力集团
002504,*ST弘高
002636,金安国纪
002462,嘉事堂
600969,郴电国际
603960,克来机电
600830,香溢融通
000066,中国长城
000918,嘉凯城
300421,力星股份
000401,冀东水泥
600706,曲江文旅
603639,海利尔
603387,基蛋生物
000732,泰禾集团
600094,大名城
000008,神州高铁
601106,*ST一重
600901,江苏租赁
300617,安靠智电
600775,南京熊猫
600829,人民同泰
300535,达威股份
000428,华天酒店
002278,神开股份
603987,康德莱
000859,国风塑业
000100,TCL 集团
601177,杭齿前进
002381,双箭股份
000835,长城动漫
601566,九牧王
600039,四川路桥
300416,苏试试验
000088,盐 田 港
002305,南国置业
603197,保隆科技
600252,中恒集团
300507,苏奥传感
002003,伟星股份
300261,雅本化学
600982,宁波热电
002642,荣之联
002473,*ST圣莱
002254,泰和新材
300729,乐歌股份
002207,*ST准油
000967,盈峰环境
000906,浙商中拓
601811,新华文轩
000862,银星能源
600565,迪马股份
600116,三峡水利
600106,重庆路桥
002564,天沃科技
002554,惠博普
601677,明泰铝业
002836,新宏泽
002046,轴研科技
600746,江苏索普
002598,山东章鼓
002444,巨星科技
002155,湖南黄金
000411,英特集团
002045,国光电器
002535,林州重机
000045,深纺织Ａ
002133,广宇集团
300719,安达维尔
300710,万隆光电
603339,四方冷链
600718,东软集团
601020,华钰矿业
000672,上峰水泥
600113,浙江东日
000652,泰达股份
000159,国际实业
603609,禾丰牧业
600156,华升股份
300066,三川智慧
600520,文一科技
601567,三星医疗
300556,丝路视觉
002325,洪涛股份
002907,华森制药
600285,羚锐制药
002157,正邦科技
300031,宝通科技
600996,贵广网络
002849,威星智能
600599,熊猫金控
000528,柳 工
300610,晨化股份
300637,扬帆新材
600873,梅花生物
002812,创新股份
600655,豫园股份
000573,粤宏远Ａ
300375,鹏翎股份
600662,强生控股
601199,江南水务
601000,唐山港
300540,深冷股份
600517,置信电气
000838,财信发展
300446,乐凯新材
300738,奥飞数据
002283,天润曲轴
603496,恒为科技
002485,希努尔
002570,贝因美
000655,金岭矿业
300075,数字政通
002172,澳洋科技
300194,福安药业
002638,勤上股份
600337,美克家居
002087,新野纺织
600683,京投发展
300452,山河药辅
000698,沈阳化工
600805,悦达投资
300505,川金诺
603838,四通股份
603976,正川股份
603535,嘉诚国际
603369,今世缘
300301,长方集团
600833,第一医药
000632,三木集团
002195,二三四五
002083,孚日股份
002211,宏达新材
601727,上海电气
600104,上汽集团
600681,百川能源
000881,中广核技
300126,锐奇股份
600398,海澜之家
600826,兰生股份
002459,天业通联
300125,易世达
300563,神宇股份
002344,海宁皮城
603488,展鹏科技
002665,首航节能
600939,重庆建工
002214,大立科技
300636,同和药业
603059,倍加洁
600444,国机通用
002868,绿康生化
603016,新宏泰
000510,金路集团
600897,厦门空港
300675,建科院
002822,中装建设
002544,杰赛科技
000526,*ST紫学
002621,三垒股份
603298,杭叉集团
603585,苏利股份
600048,保利地产
600511,国药股份
603918,金桥信息
300029,天龙光电
600749,西藏旅游
603988,中电电机
000429,粤高速Ａ
002104,恒宝股份
002616,长青集团
600216,浙江医药
300530,达志科技
000504,南华生物
600418,江淮汽车
000915,山大华特
002150,通润装备
600548,深高速
300273,和佳股份
600882,广泽股份
603380,易德龙
000633,合金投资
600312,平高电气
300205,天喻信息
600993,马应龙
300289,利德曼
002350,北京科锐
300223,北京君正
300439,美康生物
603018,中设集团
300231,银信科技
300019,硅宝科技
000888,峨眉山Ａ
300425,环能科技
002787,华源控股
300078,思创医惠
603100,川仪股份
600463,空港股份
300310,宜通世纪
600455,博通股份
300281,金明精机
300653,正海生物
601882,海天精工
600643,爱建集团
002785,万里石
000802,北京文化
002782,可立克
000048,康达尔
600081,东风科技
603686,龙马环卫
600641,万业企业
300346,南大光电
002144,宏达高科
603969,银龙股份
600372,中航电子
600547,山东黄金
300480,光力科技
603906,龙蟠科技
600640,号百控股
002694,顾地科技
300374,恒通科技
002268,卫 士 通
603601,再升科技
002589,瑞康医药
002030,达安基因
603083,剑桥科技
300437,清水源
000403,ST生化
603856,东宏股份
300236,上海新阳
600742,一汽富维
600426,华鲁恒升
002119,康强电子
603158,腾龙股份
603336,宏辉果蔬
300469,信息发展
300736,百华悦邦
300548,博创科技
300697,电工合金
603056,德邦股份
603306,华懋科技
002809,红墙股份
300122,智飞生物
603985,恒润股份
600258,首旅酒店
603086,先达股份
300603,立昂技术
601318,中国平安
002831,裕同科技
603998,方盛制药
603997,继峰股份
603955,大千生态
603887,城地股份
603843,正平股份
603822,嘉澳环保
603800,道森股份
603725,天安新材
603718,海利生物
603699,纽威股份
603696,安记食品
603690,至纯科技
603667,五洲新春
603659,璞泰来
603655,朗博科技
603636,南威软件
603603,博天环境
603538,美诺华
603533,掌阅科技
603520,司太立
603508,思维列控
603398,邦宝益智
603393,新天然气
603335,迪生力
603318,派思股份
603309,维力医疗
603268,松发股份
603229,奥翔药业
603223,恒通股份
603222,济民制药
603116,红蜻蜓
603089,正裕工业
603066,音飞储存
603033,三维股份
603032,德新交运
603021,山东华鹏
603020,爱普股份
603001,奥康国际
601908,京运通
601718,际华集团
601619,嘉泽新能
601607,上海医药
601216,君正集团
601139,深圳燃气
601126,四方股份
601113,华鼎股份
601058,赛轮金宇
601019,山东出版
601010,文峰股份
600987,航民股份
600979,广安爱众
600965,福成股份
600962,国投中鲁
600960,渤海活塞
600900,长江电力
600889,南京化纤
600880,博瑞传播
600877,*ST嘉陵
600870,厦华电子
600866,星湖科技
600856,中天能源
600851,海欣股份
600846,同济科技
600822,上海物贸
600815,*ST厦工
600807,天业股份
600798,宁波海运
600794,保税科技
600792,云煤能源
600784,鲁银投资
600777,新潮能源
600754,锦江股份
600753,东方银星
600751,天海投资
600735,新华锦
600734,实达集团
600733,SST前锋
600711,盛屯矿业
600701,工大高新
600685,中船防务
600682,南京新百
600675,中华企业
600666,奥瑞德
600642,申能股份
600628,新世界
600617,国新能源
600614,鹏起科技
600578,京能电力
600573,惠泉啤酒
600568,中珠医疗
600539,狮头股份
600516,方大炭素
600515,海航基础
600512,腾达建设
600485,信威集团
600467,好当家
600429,三元股份
600423,*ST柳化
600401,*ST海润
600399,抚顺特钢
600393,粤泰股份
600382,广东明珠
600378,天科股份
600375,华菱星马
600365,通葡股份
600353,旭光股份
600336,澳柯玛
600309,万华化学
600306,商业城
600290,华仪电气
600270,外运发展
600257,大湖股份
600255,梦舟股份
600241,时代万恒
600237,铜峰电子
600233,圆通速递
600227,赤天化
600226,瀚叶股份
600223,鲁商置业
600221,海航控股
600187,国中水务
600186,莲花健康
600179,安通控股
600165,新日恒力
600157,永泰能源
600150,中国船舶
600148,长春一东
600145,*ST新亿
600117,西宁特钢
600086,东方金钰
600084,中葡股份
600077,宋都股份
600076,康欣新材
600074,ST保千里
600069,银鸽投资
600059,古越龙山
600051,宁波联合
600035,楚天高速
600029,南方航空
600028,中国石化
600020,中原高速
300689,澄天伟业
300682,朗新科技
300662,科锐国际
300659,中孚信息
300656,民德电子
300640,德艺文创
300593,新雷能
300586,美联新材
300578,会畅通讯
300562,乐心医疗
300494,盛天网络
300491,通合科技
300472,新元科技
300464,星徽精密
300457,赢合科技
300455,康拓红外
300444,双杰电气
300443,金雷风电
300441,鲍斯股份
300424,航新科技
300423,鲁亿通
300411,金盾股份
300410,正业科技
300409,道氏技术
300398,飞凯材料
300392,腾信股份
300387,富邦股份
300383,光环新网
300379,东方通
300363,博腾股份
300356,光一科技
300341,麦迪电气
300337,银邦股份
300325,德威新材
300317,珈伟股份
300312,邦讯技术
300290,荣科科技
300286,安科瑞
300285,国瓷材料
300280,南通锻压
300278,华昌达
300266,兴源环境
300240,飞力达
300238,冠昊生物
300225,金力泰
300200,高盟新材
300198,纳川股份
300193,佳士科技
300180,华峰超纤
300173,智慧松德
300159,新研股份
300156,神雾环保
300147,香雪制药
300146,汤臣倍健
300135,宝利国际
300134,大富科技
300129,泰胜风能
300128,锦富技术
300116,坚瑞沃能
300103,达刚路机
300096,易联众
300094,国联水产
300091,金通灵
300090,盛运环保
300089,文化长城
300087,荃银高科
300086,康芝药业
300083,劲胜智能
300079,数码科技
300071,华谊嘉信
300067,安诺其
300064,豫金刚石
300056,三维丝
300053,欧比特
300049,福瑞股份
300038,梅泰诺
300032,金龙机电
300022,吉峰农机
300016,北陆药业
300004,南风股份
002870,香山股份
002866,传艺科技
002865,钧达股份
002857,三晖电气
002851,麦格米特
002847,盐津铺子
002832,比音勒芬
002819,东方中科
002817,黄山胶囊
002808,苏州恒久
002799,环球印务
002793,东音股份
002781,奇信股份
002770,科迪乳业
002765,蓝黛传动
002739,万达电影
002738,中矿资源
002730,电光科技
002726,龙大肉食
002721,金一文化
002699,美盛文化
002692,睿康股份
002662,京威股份
002661,克明面业
002656,摩登大道
002650,加加食品
002647,民盛金科
002646,青青稞酒
002641,永高股份
002622,融钰集团
002619,艾格拉斯
002615,哈尔斯
002607,亚夏汽车
002604,ST龙力
002592,八菱科技
002584,西陇科学
002580,圣阳股份
002578,闽发铝业
002575,群兴玩具
002566,益盛药业
002560,通达股份
002559,亚威股份
002547,春兴精工
002545,东方铁塔
002542,中化岩土
002538,司尔特
002532,新界泵业
002524,光正集团
002523,天桥起重
002520,日发精机
002517,恺英网络
002515,金字火腿
002509,天广中茂
002507,涪陵榨菜
002505,大康农业
002494,华斯股份
002479,富春环保
002475,立讯精密
002464,众应互联
002451,摩恩电气
002450,康得新
002447,晨鑫科技
002445,中南文化
002437,誉衡药业
002427,ST尤夫
002426,胜利精密
002425,凯撒文化
002423,中原特钢
002418,康盛股份
002413,雷科防务
002384,东山精密
002374,丽鹏股份
002366,台海核电
002357,富临运业
002348,高乐股份
002345,潮宏基
002321,华英农业
002312,*ST三泰
002309,中利集团
002303,美盈森
002301,齐心集团
002297,博云新材
002263,大 东 南
002262,恩华药业
002260,德奥通航
002259,升达林业
002256,兆新股份
002252,上海莱士
002250,联化科技
002219,恒康医疗
002213,特 尔 佳
002212,南洋股份
002198,嘉应制药
002180,纳思达
002168,深圳惠程
002163,中航三鑫
002161,远 望 谷
002154,报 喜 鸟
002147,新光圆成
002143,印纪传媒
002140,东华科技
002132,恒星科技
002131,利欧股份
002126,银轮股份
002122,天马股份
002121,科陆电子
002113,天润数娱
002112,三变科技
002103,广博股份
002099,海翔药业
002098,浔兴股份
002085,万丰奥威
002082,万邦德
002075,沙钢股份
002072,凯瑞德
002058,威 尔 泰
002047,宝鹰股份
002042,华孚时尚
002034,旺能环境
002031,巨轮智能
002006,精功科技
002005,德豪润达
000998,隆平高科
000976,华铁股份
000971,高升控股
000962,东方钽业
000955,欣龙控股
000939,凯迪生态
000930,中粮生化
000925,众合科技
000912,*ST天化
000900,现代投资
000885,同力水泥
000820,神雾节能
000816,智慧农业
000812,陕西金叶
000796,凯撒旅游
000793,华闻传媒
000766,通化金马
000757,浩物股份
000723,美锦能源
000703,恒逸石化
000693,*ST华泽
000680,山推股份
000666,经纬纺机
000650,仁和药业
000630,铜陵有色
000617,中油资本
000616,海航投资
000606,神州易桥
000590,启迪古汉
000566,海南海药
000564,供销大集
000557,西部创业
000547,航天发展
000540,中天金融
000534,万泽股份
000533,万 家 乐
000516,国际医学
000506,中润资源
000430,张家界
000415,渤海金控
000409,山东地矿
000402,金 融 街
000157,中联重科
000156,华数传媒
000069,华侨城Ａ
000058,深 赛 格
000056,皇庭国际
000046,泛海控股
000038,深大通
000035,中国天楹
000034,神州数码
000031,中粮地产
000029,深深房Ａ
000022,深赤湾Ａ
000019,深深宝Ａ
300695,兆丰股份
002001,新 和 成
300294,博雅生物
600699,均胜电子
603722,阿科力
002869,金溢科技
603283,赛腾股份
300608,思特奇
603042,华脉科技
603677,奇精机械
000513,丽珠集团
603555,贵人鸟
002845,同兴达
000623,吉林敖东
603683,晶华新材
603138,海量数据
002898,赛隆药业
600850,华东电脑
300353,东土科技
603797,联泰环保
002910,庄园牧场
603008,喜临门
002193,如意集团
300529,健帆生物
603633,徕木股份
300668,杰恩设计
002762,金发拉比
002333,罗普斯金
603819,神力股份
300660,江苏雷利
603311,金海环境
603108,润达医疗
603678,火炬电子
603933,睿能科技
600054,黄山旅游
000668,荣丰控股
000756,新华制药
600768,宁波富邦
002748,世龙实业
000603,盛达矿业
300681,英搏尔
002457,青龙管业
603233,大参林
300652,雷迪克
300559,佳发安泰
600316,洪都航空
002394,联发股份
300557,理工光科
603668,天马科技
603139,康惠制药
600518,康美药业
000828,东莞控股
000002,万 科Ａ
300293,蓝英装备
603360,百傲化学
002772,众兴菌业
000688,建新矿业
603979,金诚信
600135,乐凯胶片
300583,赛托生物
603882,金域医学
603589,口子窖
300338,开元股份
600122,宏图高科
600692,亚通股份
603458,勘设股份
600376,首开股份
000036,华联控股
603199,九华旅游
002595,豪迈科技
002399,海普瑞
002797,第一创业
600099,林海股份
002036,联创电子
300108,吉药控股
002879,长缆科技
603323,吴江银行
300065,海兰信
002484,江海股份
000981,银亿股份
002412,汉森制药
603816,顾家家居
603128,华贸物流
603127,昭衍新药
000639,西王食品
300635,达安股份
300419,浩丰科技
300040,九洲电气
603920,世运电路
000006,深振业Ａ
300537,广信材料
603015,弘讯科技
300161,华中数控
000417,合肥百货
603896,寿仙谷
002039,黔源电力
300368,汇金股份
603289,泰瑞机器
002899,英派斯
000030,富奥股份
300495,美尚生态
601969,海南矿业
600293,三峡新材
002651,利君股份
603189,网达软件
600919,江苏银行
600115,东方航空
601128,常熟银行
002789,建艺集团
601669,中国电建
600859,王府井
300206,理邦仪器
000061,农 产 品
002007,华兰生物
603766,隆鑫通用
600130,波导股份
000096,广聚能源
002688,金河生物
002120,韵达股份
000830,鲁西化工
600698,湖南天雁
601158,重庆水务
000498,山东路桥
300084,海默科技
300255,常山药业
600684,珠江实业
002014,永新股份
600688,上海石化
300696,爱乐达
000027,深圳能源
603730,岱美股份
002253,川大智胜
600589,广东榕泰
600023,浙能电力
603996,中新科技
300117,嘉寓股份
600026,中远海能
300336,新文化
600121,*ST郑煤
603167,渤海轮渡
300354,东华测试
603808,歌力思
300573,兴齐眼药
600012,皖通高速
300025,华星创业
002139,拓邦股份
603660,苏州科达
000726,鲁 泰Ａ
002232,启明信息
300150,世纪瑞尔
002355,兴民智通
603939,益丰药房
300076,GQY视讯
600491,龙元建设
002876,三利谱
000166,申万宏源
600269,赣粤高速
600663,陆家嘴
600658,电子城
300384,三联虹普
002142,宁波银行
000685,中山公用
600416,湘电股份
600881,亚泰集团
600875,东方电气
600261,阳光照明
002548,金新农
002527,新时达
600193,创兴资源
002202,金风科技
600078,澄星股份
600716,凤凰股份
600448,华纺股份
603232,格尔软件
002289,宇顺电子
002062,宏润建设
300101,振芯科技
002718,友邦吊顶
002416,爱施德
603136,天目湖
600403,*ST大有
600811,东方集团
601878,浙商证券
600995,文山电力
600694,大商股份
000682,东方电子
000021,深科技
603117,万林股份
600673,东阳光科
000521,美菱电器
600489,中金黄金
300521,爱司凯
600507,方大特钢
002380,科远股份
000707,双环科技
603315,福鞍股份
600816,安信信托
603869,北部湾旅
600300,维维股份
600665,天地源
300171,东富龙
002218,拓日新能
600280,中央商场
002827,高争民爆
002210,飞马国际
002826,易明医药
300352,北信源
000413,东旭光电
000563,陕国投Ａ
002639,雪人股份
601618,中国中冶
601222,林洋能源
603703,盛洋科技
002569,步森股份
300030,阳普医疗
002586,围海股份
300407,凯发电气
603113,金能科技
603588,高能环境
600764,中国海防
603383,顶点软件
300460,惠伦晶体
600926,杭州银行
000892,欢瑞世纪
300362,天翔环境
000978,桂林旅游
300162,雷曼股份
300334,津膜科技
300123,亚光科技
002477,雏鹰农牧
002363,隆基机械
002807,江阴银行
300667,必创科技
603663,三祥新材
600712,南宁百货
603618,杭电股份
601616,广电电气
601985,中国核电
600033,福建高速
002146,荣盛发展
600390,五矿资本
300190,维尔利
002060,粤 水 电
000587,金洲慈航
600818,中路股份
000777,中核科技
603156,养元饮品
002166,莱茵生物
603527,众源新材
601360,三六零
601518,吉林高速
300648,星云股份
603701,德宏股份
002803,吉宏股份
000968,蓝焰控股
600958,东方证券
600502,安徽水利
600358,国旅联合
603898,好莱客
300651,金陵体育
600340,华夏幸福
603878,武进不锈
002778,高科石化
603895,天永智能
600359,新农开发
002127,南极电商
300539,横河模具
600864,哈投股份
603096,新经典
600776,东方通信
600793,宜宾纸业
002512,达华智能
000779,三毛派神
300621,维业股份
603337,杰克股份
603367,辰欣药业
603421,鼎信通讯
000928,中钢国际
601099,太平洋
002385,大北农
300657,弘信电子
300429,强力新材
002149,西部材料
603200,上海洗霸
600725,ST云维
000043,中航地产
600439,瑞贝卡
002805,丰元股份
600452,涪陵电力
002516,旷达科技
002158,汉钟精机
601228,广州港
002788,鹭燕医药
600322,天房发展
300080,易成新能
601890,亚星锚链
000017,深中华A
002521,齐峰新材
300400,劲拓股份
300217,东方电热
000018,神州长城
002600,领益智造
603937,丽岛新材
600220,江苏阳光
600790,轻纺城
002130,沃尔核材
000752,西藏发展
002811,亚泰国际
300243,瑞丰高材
603868,飞科电器
300550,和仁科技
603818,曲美家居
300210,森远股份
300371,汇中股份
300512,中亚股份
601366,利群股份
600278,东方创业
603098,森特股份
000973,佛塑科技
300214,日科化学
600004,白云机场
002675,东诚药业
600809,山西汾酒
600558,大西洋
300402,宝色股份
300284,苏交科
600695,绿庭投资
300202,聚龙股份
600975,新五丰
300149,量子高科
603026,石大胜华
000733,振华科技
002217,合力泰
000700,模塑科技
002663,普邦股份
603169,兰石重装
000786,北新建材
600292,远达环保
600603,广汇物流
000876,新 希 望
603507,振江股份
002572,索菲亚
000598,兴蓉环境
300551,古鳌科技
002716,金贵银业
603848,好太太
000811,冰轮环境
300679,电连技术
600018,上港集团
002267,陕天然气
600281,太化股份
600377,宁沪高速
002338,奥普光电
300208,恒顺众昇
600731,湖南海利
601595,上海电影
300137,先河环保
603055,台华新材
600409,三友化工
603377,东方时尚
002588,史丹利
300499,高澜股份
300405,科隆股份
002528,英飞拓
002183,怡 亚 通
601515,东风股份
002448,中原内配
002792,通宇通讯
000608,阳光股份
000952,广济药业
300528,幸福蓝海
600267,海正药业
002652,扬子新材
600674,川投能源
002209,达 意 隆
300628,亿联网络
600385,山东金泰
000544,中原环保
603917,合力科技
601996,丰林集团
002406,远东传动
600766,园城黄金
600010,包钢股份
600068,葛洲坝
300185,通裕重工
002776,柏堡龙
600845,宝信软件
002135,东南网架
002392,北京利尔
603859,能科股份
601668,中国建筑
600687,刚泰控股
002411,必康股份
300576,容大感光
002810,山东赫达
600311,荣华实业
603829,洛凯股份
002033,丽江旅游
603063,禾望电气
002752,昇兴股份
300197,铁汉生态
600246,万通地产
601901,方正证券
603788,宁波高发
300268,佳沃股份
002755,东方新星
002138,顺络电子
000718,苏宁环球
300579,数字认证
000518,四环生物
601179,中国西电
600449,宁夏建材
600419,天润乳业
002397,梦洁股份
600629,华建集团
600021,上海电力
300204,舒泰神
002696,百洋股份
002862,实丰文化
000636,风华高科
603617,君禾股份
603303,得邦照明
600561,江西长运
600303,曙光股份
002148,北纬科技
000599,青岛双星
603619,中曼石油
600097,开创国际
300250,初灵信息
300508,维宏股份
601107,四川成渝
300187,永清环保
000737,*ST南风
600963,岳阳林纸
600841,上柴股份
002323,雅百特
002767,先锋电子
603363,傲农生物
002204,大连重工
603320,迪贝电气
601789,宁波建工
300233,金城医药
300699,光威复材
600888,新疆众和
600279,重庆港九
000005,世纪星源
600333,长春燃气
601857,中国石油
000090,天健集团
300498,温氏股份
300698,万马科技
002377,国创高新
002100,天康生物
300380,安硕信息
002465,海格通信
600155,宝硕股份
600594,益佰制药
300404,博济医药
002275,桂林三金
600056,中国医药
300488,恒锋工具
601828,美凯龙
300676,华大基因
000523,广州浪奇
600170,上海建工
600103,青山纸业
002796,世嘉科技
002306,*ST云网
000050,深天马Ａ
300500,启迪设计
300716,国立科技
601390,中国中铁
300531,优博讯
300055,万邦达
601808,中海油服
002061,浙江交科
002683,宏大爆破
300705,九典制药
000959,首钢股份
601788,光大证券
300239,东宝生物
600284,浦东建设
603385,惠达卫浴
300172,中电环保
600470,六国化工
002745,木林森
300316,晶盛机电
600496,精工钢构
000961,中南建设
002282,博深工具
000582,北部湾港
601169,北京银行
603630,拉芳家化
600248,延长化建
300547,川环科技
601018,宁波港
600498,烽火通信
002493,荣盛石化
600743,华远地产
002171,楚江新材
002839,张家港行
603616,韩建河山
600173,卧龙地产
600159,大龙地产
600592,龙溪股份
600110,诺德股份
002230,科大讯飞
600177,雅戈尔
601633,长城汽车
600739,辽宁成大
600061,国投资本
603661,恒林股份
600763,通策医疗
300406,九强生物
002378,章源钨业
600998,九州通
000966,长源电力
002908,德生科技
600313,农发种业
600360,华微电子
002798,帝王洁具
300118,东方日升
603456,九洲药业
000089,深圳机场
002379,宏创控股
601555,东吴证券
300299,富春股份
600063,皖维高新
002556,辉隆股份
600527,江南高纤
601628,中国人寿
600109,国金证券
002461,珠江啤酒
600872,中炬高新
002064,华峰氨纶
000780,*ST平能
002276,万马股份
002125,湘潭电化
300329,海伦钢琴
000001,平安银行
600016,民生银行
600550,保变电气
300131,英唐智控
000060,中金岭南
002756,永兴特钢
601678,滨化股份
603025,大豪科技
600576,祥源文化
600271,航天信息
300111,向日葵
300139,晓程科技
002632,道明光学
600588,用友网络
300039,上海凯宝
600967,内蒙一机
002424,贵州百灵
000529,广弘控股
000911,南宁糖业
300102,乾照光电
000999,华润三九
000548,湖南投资
603607,京华激光
300417,南华仪器
000751,锌业股份
002689,远大智能
600612,老凤祥
002746,仙坛股份
603877,太平鸟
600066,宇通客车
002653,海思科
603880,南卫股份
000856,冀东装备
002270,华明装备
601011,宝泰隆
002247,帝龙文化
002463,沪电股份
600661,新南洋
002599,盛通股份
600079,人福医药
000068,华控赛格
002105,信隆健康
600908,无锡银行
601021,春秋航空
300546,雄帝科技
300359,全通教育
000860,顺鑫农业
600820,隧道股份
300643,万通智控
600326,西藏天路
300522,世名科技
000070,特发信息
002435,长江润发
000750,国海证券
600992,贵绳股份
002602,世纪华通
600260,凯乐科技
300201,海伦哲
600350,山东高速
600369,西南证券
300596,利安隆
600812,华北制药
300418,昆仑万维
002391,长青股份
000669,金鸿控股
603037,凯众股份
000738,航发控制
600172,黄河旋风
300068,南都电源
603728,鸣志电器
000673,当代东方
000861,海印股份
300057,万顺股份
600388,龙净环保
601886,江河集团
002591,恒大高新
600886,国投电力
002332,仙琚制药
600933,爱柯迪
600266,北京城建
300012,华测检测
000683,远兴能源
002659,凯文教育
300203,聚光科技
300463,迈克生物
600978,宜华生活
600458,时代新材
000651,格力电器
002470,金正大
600863,内蒙华电
600862,中航高科
601003,柳钢股份
300626,华瑞股份
002041,登海种业
603203,快克股份
600657,信达地产
600031,三一重工
000910,大亚圣象
603685,晨丰科技
600000,浦发银行
002594,比亚迪
600198,大唐电信
000538,云南白药
000711,京蓝科技
000901,航天科技
002777,久远银海
300605,恒锋信息
300318,博晖创新
600593,大连圣亚
600800,天津磁卡
002101,广东鸿图
002048,宁波华翔
601872,招商轮船
600058,五矿发展
300262,巴安水务
000686,东北证券
300295,三六五网
300523,辰安科技
601998,中信银行
600190,锦州港
600428,中远海特
600297,广汇汽车
300304,云意电气
600015,华夏银行
603157,拉夏贝尔
600038,中直股份
300215,电科院
600307,酒钢宏兴
002537,海联金汇
001896,豫能控股
300270,中威电子
000778,新兴铸管
002501,利源精制
002766,索菱股份
002612,朗姿股份
000899,赣能股份
300165,天瑞仪器
002673,西部证券
600089,特变电工
601186,中国铁建
600060,海信电器
601388,怡球资源
600475,华光股份
002111,威海广泰
600678,四川金顶
603711,香飘飘
603789,星光农机
600408,安泰集团
000026,飞亚达Ａ
603188,亚邦股份
300478,杭州高新
600017,日照港
600075,新疆天业
002905,金逸影视
002292,奥飞娱乐
000541,佛山照明
002706,良信电器
002864,盘龙药业
603900,莱绅通灵
300588,熙菱信息
000011,深物业A
002071,长城影视
600575,皖江物流
000715,中兴商业
002389,南洋科技
600345,长江通信
002625,光启技术
300209,天泽信息
000758,中色股份
600759,洲际油气
300619,金银河
601952,苏垦农发
300426,唐德影视
002293,罗莱生活
000798,中水渔业
002562,兄弟科技
601108,财通证券
002533,金杯电工
002610,爱康科技
603477,振静股份
000691,亚太实业
600748,上实发展
002480,新筑股份
002065,东华软件
600729,重庆百货
603322,超讯通信
300445,康斯特
002842,翔鹭钨业
300142,沃森生物
300153,科泰电源
000926,福星股份
601326,秦港股份
300148,天舟文化
002727,一心堂
002220,天宝食品
300263,隆华节能
002315,焦点科技
600055,万东医疗
002109,兴化股份
002701,奥瑞金
002679,福建金森
002732,燕塘乳业
603050,科林电气
600479,千金药业
300009,安科生物
300549,优德精密
600773,西藏城投
002634,棒杰股份
300519,新光药业
000545,金浦钛业
600477,杭萧钢构
002649,博彦科技
603698,航天工程
000593,大通燃气
000062,深圳华强
600871,石化油服
600572,康恩贝
603991,至正股份
600566,济川药业
002749,国光股份
601377,兴业证券
000883,湖北能源
000708,大冶特钢
600652,游久游戏
300468,四方精创
600219,南山铝业
603516,淳中科技
002404,嘉欣丝绸
601898,中煤能源
603277,银都股份
600519,贵州茅台
000969,安泰科技
002353,杰瑞股份
002178,延华智能
000902,新洋丰
600660,福耀玻璃
600677,航天通信
600582,天地科技
300311,任子行
600500,中化国际
300178,腾邦国际
600276,恒瑞医药
300513,恒泰实达
002500,山西证券
600339,中油工程
603010,万盛股份
300456,耐威科技
601989,中国重工
300314,戴维医疗
600606,绿地控股
300471,厚普股份
601339,百隆东方
002302,西部建设
601717,郑煤机
300303,聚飞光电
603929,亚翔集成
300639,凯普生物
000589,黔轮胎Ａ
601016,节能风电
600601,方正科技
002114,罗平锌电
300517,海波重科
600720,祁连山
600022,山东钢铁
600366,宁波韵升
601328,交通银行
002618,丹邦科技
600879,航天电子
000561,烽火电子
601965,中国汽研
300577,开润股份
603328,依顿电子
002084,海鸥住工
002881,美格智能
601866,中远海发
600098,广州发展
600847,*ST万里
603077,和邦生物
300592,华凯创意
300607,拓斯达
002474,榕基软件
601966,玲珑轮胎
000049,德赛电池
603727,博迈科
002327,富安娜
300645,正元智慧
300518,盛讯达
600586,金晶科技
000783,长江证券
600305,恒顺醋业
300415,伊之密
300581,晨曦航空
603885,吉祥航空
601599,鹿港文化
000989,九 芝 堂
603183,建研院
600823,世茂股份
601988,中国银行
002568,百润股份
600651,飞乐音响
300482,万孚生物
600050,中国联通
300385,雪浪环境
600697,欧亚集团
600795,国电电力
300565,科信技术
000032,深桑达Ａ
603299,井神股份
000615,京汉股份
600169,太原重工
002337,赛象科技
002438,江苏神通
603111,康尼机电
300138,晨光生物
300345,红宇新材
002725,跃岭股份
600936,广西广电
600433,冠豪高新
300045,华力创通
600273,嘉化能源
603888,新华网
000543,皖能电力
002173,创新医疗
000591,太阳能
300183,东软载波
300110,华仁药业
300641,正丹股份
000150,宜华健康
601006,大秦铁路
601212,白银有色
000768,中航飞机
002093,国脉科技
002892,科力尔
002491,通鼎互联
600080,金花股份
600387,海越股份
000887,中鼎股份
600563,法拉电子
002352,顺丰控股
601991,大唐发电
300737,科顺股份
002182,云海金属
002091,江苏国泰
600236,桂冠电力
300566,激智科技
002691,冀凯股份
603466,风语筑
601336,新华保险
601333,广深铁路
002596,海南瑞泽
002222,福晶科技
600545,卓郎智能
600961,株冶集团
002431,棕榈股份
000657,中钨高新
600984,建设机械
600396,金山股份
600289,ST信通
300151,昌红科技
300533,冰川网络
002801,微光股份
000709,河钢股份
000040,东旭蓝天
600230,沧州大化
002346,柘中股份
600722,金牛化工
600108,亚盛集团
600789,鲁抗医药
002446,盛路通信
600506,香梨股份
002069,獐子岛
002698,博实股份
600126,杭钢股份
600007,中国国贸
000514,渝 开 发
600343,航天动力
300394,天孚通信
300580,贝斯特
002079,苏州固锝
002386,天原集团
002221,东华能源
600837,海通证券
603787,新日股份
300664,鹏鹞环保
002225,濮耐股份
600769,祥龙电业
002455,百川股份
603556,海兴电力
000913,钱江摩托
000597,东北制药
000627,天茂集团
000037,深南电A
600803,新奥股份
601997,贵阳银行
603861,白云电器
600331,宏达股份
300018,中元股份
002145,中核钛白
600217,中再资环
002141,贤丰控股
300485,赛升药业
002872,天圣制药
603557,起步股份
002414,高德红外
300028,金亚科技
300249,依米康
001965,招商公路
600251,冠农股份
002055,得润电子
300306,远方信息
002637,赞宇科技
000559,万向钱潮
300222,科大智能
600537,亿晶光电
600160,巨化股份
600708,光明地产
300048,合康新能
002530,金财互联
002288,超华科技
600239,云南城投
603912,佳力图
002227,奥 特 迅
002709,天赐材料
600598,北大荒
603519,立霸股份
603288,海天味业
002319,乐通股份
300432,富临精工
600298,安琪酵母
002856,美芝股份
002478,常宝股份
601800,中国交建
601992,金隅集团
300438,鹏辉能源
600717,天津港
600596,新安股份
000905,厦门港务
300220,金运激光
300047,天源迪科
603260,合盛硅业
600844,丹化科技
002723,金莱特
002110,三钢闽光
601798,蓝科高新
300369,绿盟科技
600256,广汇能源
000889,茂业通信
300532,今天国际
601818,光大银行
000338,潍柴动力
002117,东港股份
000735,罗 牛 山
002002,鸿达兴业
300332,天壕环境
000815,美利云
600702,舍得酒业
000586,汇源通信
300006,莱美药业
000425,徐工机械
002482,广田集团
002197,证通电子
300501,海顺新材
002160,常铝股份
002565,顺灏股份
600249,两面针
600119,长江投资
300335,迪森股份
002791,坚朗五金
600909,华安证券
300011,鼎汉技术
002097,山河智能
002051,中工国际
000792,盐湖股份
603239,浙江仙通
600163,中闽能源
000977,浪潮信息
002859,洁美科技
000949,新乡化纤
603980,吉华集团
600546,山煤国际
300320,海达股份
300176,鸿特精密
002050,三花智控
600201,生物股份
002453,天马精化
002443,金洲管道
002434,万里扬
002365,永安药业
000965,天保基建
603505,金石资源
000975,银泰资源
603357,设计总院
300600,瑞特股份
000937,冀中能源
603123,翠微股份
300541,先进数通
600597,光明乳业
002664,长鹰信质
600522,中天科技
300013,新宁物流
000958,东方能源
600435,北方导航
002326,永太科技
300364,中文在线
603069,海汽集团
002895,川恒股份
603198,迎驾贡酒
300059,东方财富
002678,珠江钢琴
000025,特 力Ａ
300063,天龙集团
601005,重庆钢铁
002129,中环股份
600199,金种子酒
603679,华体科技
000728,国元证券
300627,华测导航
002304,洋河股份
603356,华菱精工
600036,招商银行
002573,清新环境
002841,视源股份
002614,奥佳华
600096,云天化
601881,中国银河
000826,启迪桑德
300611,美力科技
600508,上海能源
300582,英飞特
300269,联建光电
600525,长园集团
603968,醋化股份
300331,苏大维格
600197,伊力特
002502,骅威文化
603227,雪峰科技
000065,北方国际
000610,西安旅游
002617,露笑科技
000822,山东海化
300414,中光防雷
300119,瑞普生物
600009,上海机场
002206,海 利 得
002179,中航光电
002926,华西证券
000713,丰乐种业
300591,万里马
601611,中国核建
603611,诺力股份
300328,宜安科技
601226,华电重工
300450,先导智能
600893,航发动力
300584,海辰药业
601118,海南橡胶
300570,太辰光
603399,吉翔股份
600985,雷鸣科化
000531,穗恒运Ａ
601166,兴业银行
002722,金轮股份
300141,和顺电气
002364,中恒电气
600019,宝钢股份
601009,南京银行
600008,首创股份
600330,天通股份
000014,沙河股份
300493,润欣科技
603658,安图生物
000678,襄阳轴承
000878,云南铜业
002499,科林环保
300001,特锐德
000997,新 大 陆
603676,卫信康
002215,诺 普 信
600268,国电南自
300292,吴通控股
601877,正泰电器
300514,友讯达
000410,沈阳机床
000520,长航凤凰
600780,通宝能源
000863,三湘印象
300257,开山股份
600892,大晟文化
601163,三角轮胎
002790,瑞尔特
603009,北特科技
600559,老白干酒
600247,ST成城
600855,航天长峰
603416,信捷电气
300735,光弘科技
600667,太极实业
000993,闽东电力
600482,中国动力
002107,沃华医药
002873,新天药业
002558,巨人网络
000665,湖北广电
601766,中国中车
600025,华能水电
600567,山鹰纸业
300422,博世科
002658,雪迪龙
600650,锦江投资
002597,金禾实业
300195,长荣股份
002086,东方海洋
000858,五 粮 液
002152,广电运通
002368,太极股份
300467,迅游科技
601288,农业银行
603355,莱克电气
601188,龙江交通
000012,南 玻Ａ
600138,中青旅
300569,天能重工
002828,贝肯能源
300097,智云股份
002201,九鼎新材
600756,浪潮软件
600320,振华重工
000581,威孚高科
300024,机器人
002287,奇正藏药
002108,沧州明珠
603103,横店影视
600410,华胜天成
600808,马钢股份
600758,红阳能源
002248,*ST东数
000995,皇台酒业
300230,永利股份
600839,四川长虹
000558,莱茵体育
002747,埃斯顿
002563,森马服饰
601012,隆基股份
000897,津滨发展
603871,嘉友国际
603286,日盈电子
000619,海螺型材
600531,豫光金铅
300358,楚天科技
300035,中科电气
000903,云内动力
002174,游族网络
300370,安控科技
603858,步长制药
600787,中储股份
601880,大连港
600707,彩虹股份
601088,中国神华
002439,启明星辰
002576,通达动力
300525,博思软件
601375,中原证券
300462,华铭智能
300307,慈星股份
601008,连云港
000537,广宇发展
600843,上工申贝
603500,祥和实业
300121,阳谷华泰
000869,张 裕Ａ
300476,胜宏科技
300451,创业软件
002387,黑牛食品
601398,工商银行
300107,建新股份
300487,蓝晓科技
600459,贵研铂业
603305,旭升股份
300638,广和通
600999,招商证券
600118,中国卫星
000921,海信科龙
300449,汉邦高科
300622,博士眼镜
002080,中材科技
002759,天际股份
002409,雅克科技
002408,齐翔腾达
600486,扬农化工
600317,营口港
600027,华电国际
300589,江龙船艇
300726,宏达电子
600071,凤凰光学
002916,深南电路
600143,金发科技
600480,凌云股份
601608,中信重工
600073,上海梅林
002676,顺威股份
600497,驰宏锌锗
002361,神剑股份
002343,慈文传媒
603386,广东骏亚
000722,湖南发展
601168,西部矿业
603515,欧普照明
600355,精伦电子
300062,中能电气
600389,江山股份
002258,利尔化学
002557,洽洽食品
000638,万方发展
002668,奥马电器
002300,太阳电缆
600557,康缘药业
000731,四川美丰
002116,中国海诚
300708,聚灿光电
600765,中航重机
000552,靖远煤电
601231,环旭电子
000852,石化机械
000568,泸州老窖
002092,中泰化学
002067,景兴纸业
002640,跨境通
000825,太钢不锈
600123,兰花科创
300604,长川科技
300671,富满电子
000059,华锦股份
002833,弘亚数控
600391,航发科技
002336,人人乐
002626,金达威
002402,和而泰
600189,吉林森工
002540,亚太科技
600206,有研新材
000408,藏格控股
603027,千禾味业
603079,圣达生物
000833,贵糖股份
603919,金徽酒
600583,海油工程
300241,瑞丰光电
600874,创业环保
000951,中国重汽
600761,安徽合力
300458,全志科技
600291,西水股份
300711,广哈通信
601500,通用股份
300070,碧水源
300235,方直科技
300027,华谊兄弟
000020,深华发Ａ
002825,纳尔股份
600460,士兰微
002780,三夫户外
300342,天银机电
002025,航天电器
002736,国信证券
300005,探路者
000983,西山煤电
300401,花园生物
300152,科融环境
300275,梅安森
601838,成都银行
002356,赫美集团
002037,久联发展
600741,华域汽车
300347,泰格医药
300542,新晨科技
300327,中颖电子
300397,天和防务
300077,国民技术
000761,本钢板材
600438,通威股份
300196,长海股份
600231,凌钢股份
600478,科力远
300181,佐力药业
300120,经纬电材
603977,国泰集团
600259,广晟有色
000801,四川九洲
300520,科大国创
600395,盘江股份
002428,云南锗业
603909,合诚股份
600180,瑞茂通
300677,英科医疗
600363,联创光电
300326,凯利泰
002124,天邦股份
300098,高新兴
002513,蓝丰生化
601198,东兴证券
300355,蒙草生态
002606,大连电瓷
601225,陕西煤业
603595,东尼电子
300199,翰宇药业
300315,掌趣科技
002383,合众思壮
603605,珀莱雅
600195,中牧股份
000895,双汇发展
300115,长盈精密
002081,金 螳 螂
300081,恒信东方
002118,紫鑫药业
000605,渤海股份
002308,威创股份
000960,锡业股份
000670,盈方微
600966,博汇纸业
000028,国药一致
002388,新亚制程
002068,黑猫股份
000979,中弘股份
601038,一拖股份
600151,航天机电
300447,全信股份
601939,建设银行
002053,云南能投
601689,拓普集团
002063,远光软件
300282,汇冠股份
601600,中国铝业
300127,银河磁体
002008,大族激光
300572,安车检测
300388,国祯环保
300741,华宝股份
300613,富瀚微
300333,兆日科技
300502,新易盛
000584,哈工智能
000519,中兵红箭
603179,新泉股份
300072,三聚环保
600095,哈高科
300555,路通视信
600153,建发股份
603133,碳元科技
300144,宋城演艺
601688,华泰证券
600616,金枫酒业
601211,国泰君安
300252,金信诺
600970,中材国际
300242,明家联合
002430,杭氧股份
603779,威龙股份
603501,韦尔股份
000789,万年青
600647,同达创业
002102,冠福股份
603899,晨光文具
300188,美亚柏科
000571,新大洲Ａ
600196,复星医药
603080,新疆火炬
300661,圣邦股份
002196,方正电机
601111,中国国航
002056,横店东磁
000681,视觉中国
603081,大丰实业
600397,安源煤业
603883,老百姓
000426,兴业矿业
000687,华讯方舟
300693,盛弘股份
002223,鱼跃医疗
002555,三七互娱
601918,新集能源
600630,龙头股份
300466,赛摩电气
300373,扬杰科技
002320,海峡股份
300105,龙源技术
603558,健盛集团
600622,光大嘉宝
000042,中洲控股
002929,润建通信
600867,通化东宝
600295,鄂尔多斯
603078,江化微
603159,上海亚虹
600212,江泉实业
300041,回天新材
000893,东凌国际
600338,西藏珠峰
300043,星辉娱乐
600686,金龙汽车
000898,鞍钢股份
300686,智动力
603005,晶方科技
600986,科达股份
002190,成飞集成
300244,迪安诊断
000553,沙隆达Ａ
002128,露天煤业
002362,汉王科技
600367,红星发展
603518,维格娜丝
002241,歌尔股份
000799,酒鬼酒
600178,东安动力
000501,鄂武商Ａ
002522,浙江众成
000938,紫光股份
000055,方大集团
603517,绝味食品
002235,安妮股份
000791,甘肃电投
002376,新北洋
300021,大禹节水
002073,软控股份
002553,南方轴承
002471,中超控股
300046,台基股份
600690,青岛海尔
600671,天目药业
600621,华鑫股份
002330,得利斯
300543,朗科智能
000418,小天鹅Ａ
300219,鸿利智汇
300510,金冠电气
600405,动力源
002074,国轩高科
000877,天山股份
300343,联创互联
002543,万和电气
002571,*ST德力
002927,泰永长征
002024,苏宁易购
600362,江西铜业
002009,天奇股份
603578,三星新材
000554,泰山石油
300224,正海磁材
002823,凯中精密
600354,敦煌种业
000729,燕京啤酒
300033,同花顺
002162,悦心健康
002454,松芝股份
600836,界龙实业
000596,古井贡酒
600997,开滦股份
603499,翔港科技
002205,国统股份
002519,银河电子
300288,朗玛信息
600600,青岛啤酒
002669,康达新材
300271,华宇软件
002928,华夏航空
002078,太阳纸业
603680,今创集团
300706,阿石创
002684,猛狮科技
300545,联得装备
600282,南钢股份
000875,吉电股份
002151,北斗星通
600521,华海药业
300170,汉得信息
300184,力源信息
002608,江苏国信
601888,中国国旅
300481,濮阳惠成
002307,北新路桥
002705,新宝股份
002175,东方网络
300381,溢多利
002466,天齐锂业
600352,浙江龙盛
300174,元力股份
000488,晨鸣纸业
002040,南 京 港
000823,超声电子
000612,焦作万方
002281,光迅科技
601015,陕西黑猫
300376,易事特
300050,世纪鼎利
600737,中粮糖业
603993,洛阳钼业
601369,陕鼓动力
000063,中兴通讯
600176,中国巨石
600030,中信证券
002449,国星光电
000807,云铝股份
603799,华友钴业
300232,洲明科技
601933,永辉超市
300561,汇金科技
300678,中科信息
600436,片仔癀
600171,上海贝岭
601899,紫金矿业
002341,新纶科技
300155,安居宝
300672,国科微
600381,青海春天
002654,万润科技
002644,佛慈制药
000776,广发证券
300008,天海防务
300003,乐普医疗
600499,科达洁能
002233,塔牌集团
603959,百利科技
300348,长亮科技
002707,众信旅游
002185,华天科技
300034,钢研高纳
000795,英洛华
002123,梦网集团
300721,怡达股份
300158,振东制药
300247,乐金健康
002016,世荣兆业
000831,五矿稀土
300248,新开普
300014,亿纬锂能
002032,苏 泊 尔
000836,鑫茂科技
300036,超图软件
002601,龙蟒佰利
600579,天华院
300133,华策影视
300073,当升科技
600549,厦门钨业
300340,科恒股份
600111,北方稀土
300323,华灿光电
002027,分众传媒
600884,杉杉股份
601636,旗滨集团
000725,京东方Ａ
000585,东北电气
002310,东方园林
600523,贵航股份
002271,东方雨虹
603889,新澳股份
600610,中毅达
300216,千山药机
002035,华帝股份
600487,亨通光电
000524,岭南控股
300007,汉威科技
002049,紫光国芯
601001,大同煤业
002279,久其软件
300276,三丰智能
300433,蓝思科技
600228,*ST昌九
000333,美的集团
603003,龙宇燃油
000661,长春高新
600782,新钢股份
300386,飞天诚信
603333,明星电缆
300666,江丰电子
000886,海南高速
002136,安 纳 达
002624,完美世界
000525,红 太 阳
002687,乔治白
300258,精锻科技
002648,卫星石化
600318,新力金融
601666,平煤股份
002645,华宏科技
600679,上海凤凰
000762,西藏矿业
300166,东方国信
000933,神火股份
300182,捷成股份
002164,宁波东力
002508,老板电器
002019,亿帆医药
300590,移为通信
300051,三五互联
300597,吉大通信
002456,欧菲科技
603085,天成自控
300124,汇川技术
002603,以岭药业
603019,中科曙光
601958,金钼股份
300459,金科文化
600602,云赛智联
000717,韶钢松山
002503,搜于特
002396,星网锐捷
600569,安阳钢铁
002176,江特电机
002156,通富微电
600132,重庆啤酒
603602,纵横通信
300140,中环装备
600536,中国软件
300413,快乐购
002460,赣锋锂业
601101,昊华能源
600125,铁龙物流
300366,创意信息
002582,好想你
600067,冠城大通
002685,华东重机
000600,建投能源
002690,美亚光电
002286,保龄宝
002635,安洁科技
600093,易见股份
300408,三环集团
603110,东方材料
300085,银之杰
300526,中潜股份
600262,北方股份
603688,石英股份
300052,中青宝
300274,阳光电源
300296,利亚德
600490,鹏欣资源
603579,荣泰健康
300114,中航电测
600584,长电科技
603160,汇顶科技
600887,伊利股份
600146,商赢环球
002415,海康威视
601700,风范股份
603006,联明股份
300212,易华录
300088,长信科技
600552,凯盛科技
002891,中宠股份
600885,宏发股份
300431,暴风集团
603559,中通国脉
002294,信立泰
603321,梅轮电梯
600835,上海机电
002243,通产丽星
300054,鼎龙股份
000985,大庆华科
600703,三安光电
300630,普利制药
002194,武汉凡谷
600141,兴发集团
000970,中科三环
300226,上海钢联
002373,千方科技
601100,恒立液压
300740,御家汇
600623,华谊集团
000813,德展健康
000990,诚志股份
002192,融捷股份
002886,沃特股份
300534,陇神戎发
002497,雅化集团
600727,鲁北化工
300663,科蓝软件
600011,华能国际
002919,名臣健康
000932,华菱钢铁
300378,鼎捷软件
300191,潜能恒信
002440,闰土股份
600745,闻泰科技
600183,生益科技
300251,光线传媒
603338,浙江鼎力
300297,蓝盾股份
300044,赛为智能
300136,信维通信
600501,航天晨光
002398,建研集团
002371,北方华创
600139,西部资源
600828,茂业商业
002734,利民股份
600903,贵州燃气
300287,飞利信
300229,拓尔思
601233,桐昆股份
600225,*ST松江
300377,赢时胜
600738,兰州民百
600188,兖州煤业
300629,新劲刚
002095,生 意 宝
600618,氯碱化工
600971,恒源煤电
000023,深天地Ａ
002753,永东股份
300623,捷捷微电
601699,潞安环能
600740,山西焦化
600348,阳泉煤业
603986,兆易创新
300017,网宿科技
601519,*ST智慧
600715,文投控股
300618,寒锐钴业
603708,家家悦
002853,皮阿诺
002236,大华股份
300113,顺网科技
300061,康旗股份
603709,中源家居
600392,盛和资源
002633,申科股份
002442,龙星化工
300474,景嘉微
002629,仁智股份
300058,蓝色光标
603506,南都物业
600526,菲达环保
300511,雪榕生物
000509,华塑控股
300104,乐视网
002930,宏川智慧
000950,*ST建峰
000629,*ST钒钛
000511,*ST烯碳
603214,爱婴室
600929,湖南盐业
600806,*ST昆机
600432,*ST吉恩
300634,彩讯股份
300504,天邑股份
